Rk.,Player,Pitches,Total,Pitch %,PA,AB,BIP,Hits,1B,2B,3B,HR,SO,K%,BB,BB%,Whiffs,Swings,BA,xBA,OBP,xOBP,SLG,xSLG,wOBA,xwOBA,Barrels,BABIP,ISO,Whiff%,EV (MPH),Adj. EV (MPH),LA (°),Dist (ft),Hard Hit%,Barrel/BBE%,Barrel/PA%
1,"Ritter, Luke",1770,1770,100.0,444,375,246,100,55,20,2,23,130,29.3,56,12.6,272,791,0.267,0.248,0.378,0.363,0.515,0.475,0.385,0.365,37,0.345,0.248,34.4,90.8,92.2,10,152,47.6,15.0,8.3
2,"Acuña, Luisangel NYM #12",1644,1649,99.7,477,444,370,119,89,19,5,6,76,15.9,29,6.1,182,848,0.268,0.235,0.314,0.285,0.374,0.325,0.302,0.272,13,0.31,0.106,21.5,88.2,91.5,5,128,36.2,3.5,2.7
3,"Houck, Colin NYM #21",1391,1391,100.0,357,313,181,66,44,12,5,5,135,37.8,35,9.8,221,585,0.211,0.18,0.3,0.274,0.329,0.268,0.281,0.251,10,0.347,0.118,37.8,87.4,90.9,16,155,32.0,5.5,2.8
4,"Cuevas, Yohairo",1391,1391,100.0,352,300,209,58,39,17,1,1,92,26.1,47,13.4,189,632,0.193,0.187,0.31,0.305,0.267,0.279,0.269,0.271,7,0.274,0.073,29.9,87.2,91.0,12,146,35.4,3.3,2.0
5,"Bannon, Rylan",1379,1788,77.1,336,271,196,69,39,14,1,15,77,22.9,59,17.6,187,622,0.255,0.22,0.393,0.368,0.48,0.362,0.38,0.335,13,0.298,0.225,30.1,89.1,91.7,15,157,42.3,6.6,3.9
6,"Hernandez, Ronald NYM #24",1275,1276,99.9,331,287,215,83,68,8,2,5,73,22.1,39,11.8,160,602,0.289,0.248,0.381,0.346,0.383,0.353,0.342,0.317,7,0.371,0.094,26.6,86.4,91.0,10,130,34.4,3.3,2.1
7,"Baro, Boston NYM #16",1245,1245,100.0,320,279,229,81,59,15,4,3,53,16.6,36,11.3,100,511,0.29,0.262,0.372,0.349,0.405,0.354,0.342,0.316,6,0.345,0.115,19.6,85.2,90.1,9,158,21.4,2.6,1.9
8,"Sánchez, Yolmer",1176,1179,99.7,280,238,179,45,26,14,0,5,60,21.4,35,12.5,146,527,0.189,0.222,0.307,0.335,0.311,0.328,0.283,0.302,7,0.23,0.122,27.7,87.4,90.6,18,163,31.3,3.9,2.5
9,"Brosseau, Mike",1121,1250,89.7,302,258,204,74,54,8,0,12,56,18.5,33,10.9,130,522,0.287,0.25,0.384,0.356,0.457,0.398,0.369,0.336,11,0.323,0.171,24.9,88.1,91.1,14,151,38.2,5.4,3.6
10,"Thompson, Trayce",1038,1512,68.7,252,224,163,51,22,13,0,16,65,25.8,23,9.1,146,468,0.228,0.217,0.298,0.292,0.5,0.409,0.337,0.307,20,0.238,0.272,31.2,89.9,92.1,17,154,39.9,12.3,7.9
11,"Baty, Brett",1001,1002,99.9,241,207,160,53,28,9,0,16,49,20.3,30,12.4,116,442,0.256,0.273,0.353,0.37,0.531,0.547,0.377,0.393,25,0.257,0.275,26.2,88.4,92.7,14,168,45.6,15.6,10.4
12,"Baez, Jesus NYM #14",934,934,100.0,262,232,191,62,37,14,1,10,43,16.4,23,8.8,118,458,0.267,0.265,0.344,0.343,0.466,0.423,0.35,0.337,13,0.287,0.198,25.8,89.7,92.1,16,157,42.4,6.8,5.0
13,"Reyes, Pablo",857,928,92.3,206,180,151,52,36,6,2,8,31,15.0,24,11.7,54,344,0.289,0.275,0.369,0.359,0.478,0.423,0.366,0.344,7,0.308,0.189,15.7,88.4,91.5,14,161,38.4,4.6,3.4
14,"Cortes, Carlos",836,836,100.0,216,186,151,44,28,7,0,9,38,17.6,27,12.5,82,364,0.237,0.26,0.329,0.353,0.419,0.447,0.326,0.35,11,0.246,0.183,22.5,91.1,92.3,17,166,40.4,7.3,5.1
15,"Mosquera, Diego",820,821,99.9,217,195,163,41,39,0,2,0,33,15.2,18,8.3,69,382,0.21,0.212,0.286,0.288,0.231,0.248,0.24,0.249,0,0.252,0.021,18.1,82.2,89.9,4,127,19.0,0.0,0.0
16,"Mercado, Estarling",808,808,100.0,206,169,105,31,14,8,2,7,64,31.1,29,14.1,121,352,0.183,0.179,0.33,0.327,0.379,0.362,0.319,0.313,12,0.245,0.195,34.4,86.2,91.3,11,142,35.2,11.4,5.8
17,"Perozo, Vincent",793,793,100.0,195,162,108,31,23,7,0,1,57,29.2,23,11.8,143,415,0.191,0.2,0.313,0.32,0.253,0.274,0.267,0.278,3,0.28,0.062,34.5,85.6,91.3,13,135,33.3,2.8,1.5
18,"Villavicencio, Kevin",793,800,99.1,214,194,150,38,28,6,3,1,45,21.0,16,7.5,97,401,0.196,0.193,0.266,0.264,0.273,0.245,0.244,0.235,2,0.248,0.077,24.2,84.2,89.6,10,123,19.3,1.3,0.9
19,"Gamel, Ben",782,783,99.9,189,156,112,49,29,12,1,7,46,24.3,31,16.4,76,297,0.314,0.269,0.423,0.389,0.538,0.427,0.412,0.363,10,0.4,0.224,25.6,91.2,92.4,21,155,46.4,8.9,5.3
20,"Fanas, Willy",769,769,100.0,209,193,138,40,31,5,3,1,55,26.3,14,6.7,106,377,0.207,0.189,0.268,0.251,0.28,0.253,0.246,0.231,3,0.285,0.073,28.1,86.5,90.7,10,127,36.2,2.2,1.4
21,"Ewing, A.J. NYM #29",756,756,100.0,192,164,106,35,24,7,2,2,60,31.3,24,12.5,106,332,0.213,0.186,0.318,0.297,0.317,0.313,0.287,0.279,7,0.317,0.104,31.9,87.4,90.2,14,172,34.0,6.6,3.6
22,"Rosa, Jeffry",691,691,100.0,168,140,83,21,15,3,0,3,58,34.5,16,9.5,121,319,0.15,0.133,0.286,0.271,0.236,0.192,0.25,0.229,2,0.225,0.086,37.9,83.1,91.0,25,152,25.3,2.4,1.2
23,"Thomas, Rhylan",674,919,73.3,192,179,155,41,25,11,0,5,24,12.5,13,6.8,54,387,0.229,0.203,0.281,0.257,0.374,0.281,0.287,0.242,1,0.24,0.145,14.0,86.4,89.6,11,162,23.2,0.6,0.5
24,"Iglesias, Jose",658,658,100.0,174,165,137,45,31,7,0,7,29,16.7,8,4.6,72,333,0.273,0.258,0.305,0.293,0.442,0.383,0.321,0.294,6,0.292,0.17,21.6,85.4,91.2,8,146,34.3,4.4,3.4
25,"Vientos, Mark",549,549,100.0,132,116,78,33,21,5,1,6,38,28.8,15,11.4,79,238,0.284,0.237,0.371,0.331,0.5,0.444,0.377,0.337,10,0.375,0.216,33.2,91.8,92.8,5,151,47.4,12.8,7.6
26,"Hernandez, Jose",491,491,100.0,115,91,51,12,9,1,1,1,40,34.8,19,16.5,66,187,0.132,0.143,0.313,0.322,0.198,0.227,0.257,0.271,2,0.22,0.066,35.3,83.1,90.3,12,140,23.5,3.9,1.7
27,"Senger, Hayden",483,485,99.6,131,115,85,29,17,8,1,3,31,23.7,11,8.4,65,241,0.252,0.226,0.336,0.315,0.417,0.346,0.33,0.296,4,0.317,0.165,27.0,85.5,91.0,10,147,28.2,4.7,3.1
28,"Gilbert, Drew MLB #81 / #NYM #3",436,436,100.0,113,97,72,20,16,3,0,1,26,23.0,12,10.6,51,187,0.206,0.19,0.31,0.297,0.268,0.265,0.269,0.262,3,0.268,0.062,27.3,86.1,91.2,18,145,26.4,4.2,2.7
29,"Choi, Ji Man",418,418,100.0,104,84,58,16,10,2,0,4,29,27.9,17,16.3,59,189,0.19,0.212,0.317,0.336,0.357,0.398,0.3,0.321,6,0.222,0.167,31.2,91.4,92.0,13,180,46.6,10.3,5.8
30,"Hudson, Joe",367,395,92.9,88,71,42,18,11,3,0,4,29,33.0,13,14.8,43,151,0.254,0.196,0.398,0.351,0.465,0.359,0.38,0.324,4,0.368,0.211,28.5,91.7,91.7,17,160,40.5,9.5,4.5
31,"Vargas, Marco NYM #13",362,364,99.5,86,68,53,17,14,3,0,0,17,19.8,15,17.4,26,141,0.25,0.238,0.384,0.374,0.294,0.314,0.316,0.318,1,0.321,0.044,18.4,87.7,90.7,9,129,35.8,1.9,1.2
32,"Allen, Austin",361,361,100.0,103,97,69,28,18,4,0,6,29,28.2,4,3.9,62,205,0.289,0.187,0.32,0.23,0.515,0.315,0.356,0.24,4,0.349,0.227,30.2,88.9,91.3,18,145,34.8,5.8,3.9
33,"Morabito, Nick NYM #19",347,347,100.0,82,61,45,22,18,1,2,1,16,19.5,16,19.5,30,132,0.361,0.224,0.519,0.416,0.492,0.269,0.448,0.335,0,0.477,0.131,22.7,90.3,91.2,4,133,42.2,0.0,0.0
34,"Schwartz, JT",315,315,100.0,84,75,60,15,10,4,0,1,16,19.0,4,4.8,26,166,0.2,0.216,0.274,0.288,0.293,0.348,0.256,0.282,2,0.237,0.093,15.7,88.5,91.0,24,180,35.0,3.3,2.4
35,"Suero, Christopher",310,311,99.7,79,65,48,15,10,2,1,2,17,21.5,8,10.1,37,133,0.231,0.189,0.367,0.332,0.385,0.314,0.34,0.301,3,0.283,0.154,27.8,85.6,90.7,19,159,25.0,6.3,3.8
36,"O'Neill, Matt",241,243,99.2,57,49,28,8,4,3,0,1,22,38.6,7,12.3,46,104,0.163,0.124,0.263,0.233,0.286,0.224,0.248,0.217,1,0.259,0.122,44.2,88.8,90.7,14,152,39.3,3.6,1.8
37,"Antonia, Donovan",228,228,100.0,56,47,29,8,7,1,0,0,18,32.1,8,14.3,34,100,0.17,0.153,0.304,0.289,0.191,0.196,0.244,0.239,1,0.276,0.021,34.0,80.8,89.8,6,116,17.2,3.4,1.8
38,"Bradley Jr., Jackie",201,201,100.0,50,45,34,11,6,3,0,2,12,24.0,4,8.0,26,102,0.244,0.256,0.3,0.318,0.444,0.448,0.318,0.331,2,0.281,0.2,25.5,86.0,91.3,15,134,35.3,5.9,4.0
39,"Henriquez, Yonatan",199,199,100.0,49,44,32,9,7,2,0,0,12,24.5,5,10.2,18,84,0.205,0.233,0.286,0.311,0.25,0.293,0.247,0.275,0,0.281,0.045,21.4,89.8,90.7,4,151,40.6,0.0,0.0
40,"Stewart, DJ",198,198,100.0,47,33,20,9,6,2,0,1,13,27.7,12,25.5,32,85,0.273,0.255,0.489,0.477,0.424,0.425,0.416,0.41,3,0.421,0.152,37.6,88.5,91.1,16,131,40.0,15.0,6.4
41,"Porter, Logan",184,1046,17.6,41,34,20,5,3,1,0,1,14,34.1,5,12.2,34,77,0.147,0.173,0.293,0.314,0.265,0.279,0.264,0.28,1,0.211,0.118,44.2,85.1,90.3,14,158,20.0,5.0,2.4
42,"Kohlwey, Taylor",164,164,100.0,37,34,21,3,2,1,0,0,13,35.1,3,8.1,18,72,0.088,0.114,0.162,0.186,0.118,0.133,0.137,0.155,0,0.143,0.029,25.0,80.1,90.9,23,121,4.8,0.0,0.0
43,"Clark, Kellum",116,116,100.0,26,20,12,3,2,0,1,0,8,30.8,6,23.1,14,45,0.15,0.166,0.346,0.359,0.25,0.202,0.288,0.283,0,0.25,0.1,31.1,80.8,89.9,8,140,8.3,0.0,0.0
44,"Reimer, Jacob NYM #20",115,115,100.0,29,24,19,8,6,2,0,0,5,17.2,4,13.8,11,43,0.333,0.253,0.448,0.382,0.417,0.315,0.389,0.325,0,0.421,0.083,25.6,93.0,92.3,7,169,42.1,0.0,0.0
45,"Nido, Tomás",84,85,98.8,29,29,23,10,7,2,0,1,6,20.7,0,0.0,14,55,0.345,0.279,0.345,0.279,0.517,0.549,0.37,0.349,3,0.409,0.172,25.5,90.7,92.2,15,147,47.8,13.0,10.3
46,"Martinez, J.D.",82,82,100.0,21,19,17,6,4,2,0,0,2,9.5,2,9.5,10,41,0.316,0.352,0.381,0.414,0.421,0.456,0.353,0.382,1,0.353,0.105,24.4,92.6,92.7,8,167,58.8,5.9,4.8
47,"Marte, Starling",71,71,100.0,17,16,15,4,2,1,0,1,2,11.8,0,0.0,8,39,0.25,0.246,0.235,0.255,0.5,0.329,0.298,0.254,0,0.214,0.25,20.5,88.0,91.5,3,130,40.0,0.0,0.0
48,"Castro, Sebastian",65,66,98.5,15,14,8,3,2,1,0,0,6,40.0,0,0.0,19,37,0.214,0.118,0.267,0.177,0.286,0.186,0.249,0.17,0,0.375,0.071,51.4,82.1,89.9,24,129,37.5,0.0,0.0
49,"Machado, Fabian",60,60,100.0,16,14,4,2,2,0,0,0,10,62.5,1,6.3,12,25,0.143,0.129,0.25,0.238,0.143,0.163,0.198,0.2,0,0.5,0.0,48.0,100.3,92.2,15,147,75.0,0.0,0.0
50,"Smith, D'Andre",57,57,100.0,18,17,13,3,2,1,0,0,4,22.2,0,0.0,8,34,0.176,0.237,0.222,0.279,0.235,0.288,0.208,0.253,0,0.231,0.059,23.5,86.9,90.9,14,178,30.8,0.0,0.0
51,"Lantigua, Andriel",42,42,100.0,10,9,2,0,0,0,0,0,7,70.0,1,10.0,13,21,0.0,0.037,0.1,0.134,0.0,0.058,0.069,0.104,0,0.0,0.0,61.9,81.4,89.9,39,208,0.0,0.0,0.0
52,"Rosario, Eddie",38,84,45.2,13,12,7,2,0,1,1,0,5,38.5,1,7.7,9,22,0.167,0.066,0.231,0.138,0.417,0.118,0.272,0.124,0,0.286,0.25,40.9,85.9,89.7,31,173,14.3,0.0,0.0
53,"Oviedo, Carlos",32,32,100.0,9,8,6,3,2,1,0,0,2,22.2,1,11.1,7,18,0.375,0.258,0.444,0.34,0.5,0.405,0.412,0.332,1,0.5,0.125,38.9,87.3,90.2,6,179,33.3,16.7,11.1
